Name,Release,URL,m3u8 URL
A Violent Life,"Aug 09, 2017",https://bflix.io/movie/a-violent-life-17p0x/1-1,https://be4235.rcr32.ams02.cdn112.com/hls2/01/04690/7us8sz6qgs48_x/master.m3u8?t=CW5gF9o8VCfYGlPlyZcTGgnxydi5rl9ZU1-OZVYi6EI&s=1695642658&e=43200&f=23453714&srv=02&asn=17557&sp=2500
Manbaby,"Aug 17, 2022",https://bflix.io/movie/manbaby-vqpk2/1-1,https://be4242.rcr52.ams03.cdn112.com/hls2/01/04690/tspjg8l35fst_x/master.m3u8?t=QA06r2elKXJRMlnXyt-DIUuVf0jOO5EcA_XRAXg-GL0&s=1695642664&e=43200&f=23454033&srv=47&asn=17557&sp=2500
She Came from the Woods,"Feb 10, 2023",https://bflix.io/movie/she-came-from-the-woods-qzm8n/1-1,No Link Found
Karwaan,"Aug 03, 2018",https://bflix.io/movie/karwaan-0mnz7/1-1,No Link Found
Demons at Dawn,"Oct 28, 2022",https://bflix.io/movie/demons-at-dawn-x1wmz/1-1,https://be7713.rcr82.waw05.cdn112.com/hls2/01/04690/enlsqx645kl6_x/master.m3u8?t=aHh8EoGMyix6cEUwB6ed8B0rDKtYSozwBvdR0g1iBnM&s=1695642706&e=43200&f=23454254&srv=04&asn=17557&sp=2500
Memories of Me,"Oct 07, 1988",https://bflix.io/movie/memories-of-me-17p6x/1-1,https://be7713.rcr82.waw05.cdn112.com/hls2/01/04690/99e198mowlm3_x/index-v1-a1.m3u8?t=hH576hBRzesT1vGpPgEh9hL6EifV2fGb8Wo4sCMdx9o&s=1695642711&e=43200&f=23454689&srv=32&asn=17557&sp=2500
Beyond the Gates of Hell,"Sep 04, 2022",https://bflix.io/movie/beyond-the-gates-of-hell-0mn57/1-1,https://be2719.rcr22.ams01.cdn112.com/hls2/03/04690/3j4lznlpfj8n_x/master.m3u8?t=UMrBeR_3blpavxI1OcH3kzLql6UM2mXRi24m7u3a2lg&s=1695642716&e=43200&f=23453549&srv=30&asn=17557&sp=2500
The Cheerleader Sleepover Slaughter,"Jan 01, 2022",https://bflix.io/movie/the-cheerleader-sleepover-slaughter-wqrlk/1-1,https://be7713.rcr82.waw05.cdn112.com/hls2/02/04690/0r8fahaj5rv7_x/index-v1-a1.m3u8?t=T7FyHZiNVmea91Yj955czjgFc20sDkacSK-frdzc6DE&s=1695642722&e=43200&f=23453541&srv=31&asn=17557&sp=2500
A Town Full of Ghosts,"Jun 17, 2022",https://bflix.io/movie/a-town-full-of-ghosts-yjyn0/1-1,https://be2719.rcr22.ams01.cdn112.com/hls2/01/04690/w8pau6g8dhry_x/index-v1-a1.m3u8?t=_WhrcWVf015lUVcO2eE47OOdmh2UhP_23bKo1TcYFss&s=1695642728&e=43200&f=23453989&srv=46&asn=17557&sp=2500
Freaky Profiling,"Jul 24, 2023",https://bflix.io/movie/freaky-profiling-pm394/1-1,https://be4235.rcr32.ams02.cdn112.com/hls2/01/04690/qvt0dxqea72b_x/index-v1-a1.m3u8?t=FAfJ_WS5phfCa56MdkdwIHbL6VGJtoGkVQaG-NvZ7lU&s=1695642732&e=43200&f=23453363&srv=06&asn=17557&sp=2500
Bogowie,"Oct 10, 2014",https://bflix.io/movie/bogowie-nkz1k/1-1,https://be4235.rcr32.ams02.cdn112.com/hls2/01/04690/ikncztpv0e73_x/master.m3u8?t=gNGovspWPlRB5qDlqH3ZNqGZe8AgG8kTQmujBfU3ndI&s=1695642738&e=43200&f=23453233&srv=24&asn=17557&sp=2500
Secret Lives of College Escorts,"Aug 19, 2022",https://bflix.io/movie/secret-lives-of-college-escorts-mjx0v/1-1,No Link Found
Save State,"Jun 28, 2023",https://bflix.io/movie/save-state-qz54v/1-1,https://be7713.rcr82.waw05.cdn112.com/hls2/01/04690/gvodas6pvzok_x/master.m3u8?t=jFdwGI9oual6UVRGrkbZYhFR7FZSaKUvz7AJcZemExk&s=1695642755&e=43200&f=23453122&srv=40&asn=17557&sp=2500
Runaway Brain,"Aug 11, 1995",https://bflix.io/movie/runaway-brain-lxvz3/1-1,https://be7713.rcr82.waw05.cdn112.com/hls2/01/04690/8pht0hmconyb_x/index-v1-a1.m3u8?t=zcGCQDyvfhzoJZlwl9VcSm7Kv_4kgy-lDyXyOCjuhVk&s=1695642760&e=43200&f=23451813&srv=47&asn=17557&sp=2500
Street Code Broken,"Apr 15, 2022",https://bflix.io/movie/street-code-broken-ro75y/1-1,https://be4242.rcr52.ams03.cdn112.com/hls2/01/04690/8d1d520w8thp_x/master.m3u8?t=8BKbhOyX2RzCtQJ9lIU9MQxc0eTtfF8nNqrjhRme9JE&s=1695642765&e=43200&f=23453429&srv=08&asn=17557&sp=2500
Dumb Money,"Sep 29, 2023",https://bflix.io/movie/dumb-money-826jo/1-1,https://be7713.rcr82.waw05.cdn112.com/hls2/01/04690/a7p0dy3e5zrf_x/index-v1-a1.m3u8?t=_StwO4aPl5mL6-RhC-EWV1EKXkzArrQiD2lJ_UfmJDo&s=1695642769&e=43200&f=23451057&srv=43&asn=17557&sp=2500
Dark Asset,"Sep 22, 2023",https://bflix.io/movie/dark-asset-9j8k8/1-1,https://be7713.rcr82.waw05.cdn112.com/hls2/01/04690/piisaadhlque_x/index-v1-a1.m3u8?t=Pw4g9nCAapYl4sc1PZwYCNWwH-vJhmL71ml8Mo1SEiw&s=1695642774&e=43200&f=23451098&srv=06&asn=17557&sp=2500
Jones Plantation,"Aug 05, 2023",https://bflix.io/movie/jones-plantation-kxqyw/1-1,https://be4235.rcr32.ams02.cdn112.com/hls2/01/04690/8jaobyuu6ezf_x/master.m3u8?t=E-guyLmaNI9agrz_J6iNtlmkkct8et2VlDCohNVnN9o&s=1695642780&e=43200&f=23451967&srv=20&asn=17557&sp=2500
Stealing Candy,"Dec 10, 2003",https://bflix.io/movie/stealing-candy-70466/1-1,https://be7713.rcr82.waw05.cdn112.com/hls2/01/04690/4hkwz7slq82a_x/index-v1-a1.m3u8?t=otv_JwJphqtJHxrJsnCHpfMMiAAyPr1M-5cP9D4i9ak&s=1695642785&e=43200&f=23450374&srv=46&asn=17557&sp=2500
Kountry Wayne: A Woman's Prayer,"Sep 19, 2023",https://bflix.io/movie/kountry-wayne-a-womans-prayer-yjyl0/1-1,https://be7713.rcr82.waw05.cdn112.com/hls2/01/04689/1dj6kws5nkth_x/index-v1-a1.m3u8?t=ViBaOo3-XbHxZ3LREpss37q1XbZkCRgABfWMd3xG2po&s=1695642790&e=43200&f=23448241&srv=49&asn=17557&sp=2500
Altered Perceptions,"Jun 08, 2023",https://bflix.io/movie/altered-perceptions-j2oxn/1-1,https://be7713.rcr82.waw05.cdn112.com/hls2/01/04690/cmffdps5vz3d_x/index-v1-a1.m3u8?t=CgjYWFQrDQQwf2yPrZCqF30DDrUAzEeaLkCMyz1418U&s=1695642796&e=43200&f=23451154&srv=43&asn=17557&sp=2500
Burning Man,"Nov 17, 2011",https://bflix.io/movie/burning-man-zk0m3/1-1,https://be4242.rcr52.ams03.cdn112.com/hls2/01/04689/m1be1eruvmcg_x/master.m3u8?t=RSWEbSwtwsIBwhQZhGfdhA2wi87j9bbCbx75VNY_RiM&s=1695642801&e=43200&f=23449658&srv=42&asn=17557&sp=2500
2023 MTV Video Music Awards,"Sep 12, 2023",https://bflix.io/movie/2023-mtv-video-music-awards-5w04q/1-1,https://be7713.rcr82.waw05.cdn112.com/hls2/01/04690/s75yveq517wr_x/master.m3u8?t=hFNYDZgBEIOggW7OFIG4A0KZ_I2IOqFPM2ZbN3p5z_o&s=1695642806&e=43200&f=23453084&srv=22&asn=17557&sp=2500
"Come Back to the 5 & Dime Jimmy Dean, Jimmy Dean","Apr 06, 1983",https://bflix.io/movie/come-back-to-the-5-dime-jimmy-dean-jimmy-dean-pm304/1-1,https://be4235.rcr32.ams02.cdn112.com/hls2/01/04690/yn4scu1uuv9g_x/master.m3u8?t=nIQKke4hJI-ZixUYb-AEzzZ8SRxryau_XSK3v2zqZmc&s=1695642811&e=43200&f=23450305&srv=51&asn=17557&sp=2500
Barber,"Sep 22, 2023",https://bflix.io/movie/barber-41y3o/1-1,https://be6721.rcr72.waw04.cdn112.com/hls2/01/04689/qzqh9ja264zt_x/master.m3u8?t=to2kdo4civC3Xn1qLt84iP4DvQHa4gRk9np_51aHY2w&s=1695642816&e=43200&f=23447918&srv=20&asn=17557&sp=2500
Sukob,"Mar 15, 2006",https://bflix.io/movie/sukob-wqrjk/1-1,https://be4242.rcr52.ams03.cdn112.com/hls2/01/04689/0pvhjz5hsb3d_x/master.m3u8?t=NBxgfA7U3uVdEOz1iFSWpPnhzlMs5cE9pbED_cdVKtg&s=1695642821&e=43200&f=23446468&srv=23&asn=17557&sp=2500
Hider in My House,"Jul 24, 2022",https://bflix.io/movie/hider-in-my-house-6025p/1-1,https://be4235.rcr32.ams02.cdn112.com/hls2/01/04690/hk9cr18jhtef_x/master.m3u8?t=Wcmgncr88xIbG8zqTmODdTpj93YdyCYSMUjcIx7IHXs&s=1695642826&e=43200&f=23451391&srv=35&asn=17557&sp=2500
Maid Droid,"Aug 04, 2023",https://bflix.io/movie/maid-droid-30w26/1-1,https://be2719.rcr22.ams01.cdn112.com/hls2/01/04690/0xc5hb4v1ok4_x/master.m3u8?t=Lu-H16vtTcWT06hIjngD7sFEi7jnn2rm40CaYQH_3vo&s=1695642831&e=43200&f=23451549&srv=39&asn=17557&sp=2500
LA Undercover,"Sep 22, 2023",https://bflix.io/movie/la-undercover-20r15/1-1,https://be4242.rcr52.ams03.cdn112.com/hls2/01/04689/gej9etl28bm8_x/master.m3u8?t=HOfUUdAgitw_VU74InnwBcE8LDI-HYQEgpURefoVjx4&s=1695643029&e=43200&f=23445454&srv=46&asn=55501&sp=2500
Mark Normand: Soup to Nuts,"Jul 25, 2023",https://bflix.io/movie/mark-normand-soup-to-nuts-qz51v/1-1,No Link Found
The Bridge,"Feb 16, 2007",https://bflix.io/movie/the-bridge2-vqp62/1-1,https://be2719.rcr22.ams01.cdn112.com/hls2/01/04689/jcj3hy52s7id_x/master.m3u8?t=eNQYUpAUatnRlYwzBJrGRKYRuAkGNK6BHRv03oRcO6A&s=1695643041&e=43200&f=23445202&srv=48&asn=17557&sp=2500
The Retirement Plan,"Sep 15, 2023",https://bflix.io/movie/the-retirement-plan-17pjv/1-1,https://be4242.rcr52.ams03.cdn112.com/hls2/01/04689/qv4qootps76v_x/master.m3u8?t=j-B4MhQHTN2w8JZVVIiOhp1tXncvryeTK5A8uZtL6Bk&s=1695643046&e=43200&f=23445468&srv=47&asn=17557&sp=2500
Slotherhouse,"Oct 15, 2023",https://bflix.io/movie/slotherhouse-wqro7/1-1,https://be2719.rcr22.ams01.cdn112.com/hls2/01/04689/h9frnqbmc0u6_x/master.m3u8?t=5Sf_Q5EDpoGc0U12cRi9oE-GwchveiE4ViBmVVpqs3k&s=1695643052&e=43200&f=23449846&srv=15&asn=17557&sp=2500
Trauma Therapy: Psychosis,"Sep 01, 2023",https://bflix.io/movie/trauma-therapy-psychosis-yjyvz/1-1,https://be2719.rcr22.ams01.cdn112.com/hls2/01/04689/cdvkl79xmf40_x/master.m3u8?t=sWf-buJv_Oz_gW2-QYAeDYxuhCO_mbyLXndUeqaOC2s&s=1695643058&e=43200&f=23445700&srv=46&asn=17557&sp=2500
9/11: Inside Air Force One,"Sep 11, 2019",https://bflix.io/movie/911-inside-air-force-one-wqr76/1-1,https://be2719.rcr22.ams01.cdn112.com/hls2/01/04689/fqkgsszq8s81_x/master.m3u8?t=d6o0RebNqsWBHlUCl6cuCZrpxlU3VPwrmEJscFUP4kk&s=1695643063&e=43200&f=23445458&srv=49&asn=17557&sp=2500
Buddy Games,"Nov 24, 2020",https://bflix.io/movie/buddy-games-oxy5j/1-1,https://be4242.rcr52.ams03.cdn112.com/hls2/01/00129/tj1wxpxc58qv_x/master.m3u8?t=81tS-DxnMcN0eiRllzN6jPEHfRac4m9nWz-AmKshrkk&s=1695643068&e=43200&f=646644&srv=06&asn=17557&sp=2500
A Christmas in Vermont,"Nov 27, 2016",https://bflix.io/movie/a-christmas-in-vermont-yjy7p/1-1,https://be7713.rcr82.waw05.cdn112.com/hls2/01/04689/g3l7dfufyswl_x/master.m3u8?t=Ip2WBgEHwv6qRDcfYcwmb5_mro9BC0PUwFUCxeXihU0&s=1695643075&e=43200&f=23445659&srv=36&asn=17557&sp=2500
Bottoms,"Mar 11, 2023",https://bflix.io/movie/bottoms-17pkx/1-1,https://be7713.rcr82.waw05.cdn112.com/hls2/01/04680/n2fd50k6yxfj_x/master.m3u8?t=CTiB_RE6fJMIcSQEcNALFS8une1AzCSWrK4w3T20WJY&s=1695643081&e=43200&f=23402479&srv=34&asn=17557&sp=2500
Hands of Hell,"Sep 19, 2023",https://bflix.io/movie/hands-of-hell-0mnj7/1-1,https://be4235.rcr32.ams02.cdn112.com/hls2/01/04680/q4kwuex0ugmj_x/master.m3u8?t=QJLDxn99-zpFyBF2RNHDaRo0nkYIKCXE60EbPtZeKDo&s=1695643086&e=43200&f=23402706&srv=10&asn=17557&sp=2500
Spin the Block,"Jul 29, 2023",https://bflix.io/movie/spin-the-block-yjyz0/1-1,https://be7713.rcr82.waw05.cdn112.com/hls2/01/04681/7bb0kpvwoq2r_x/index-v1-a1.m3u8?t=Ebt2dW1Ef_5aWe6g2pIY9_Xt16oiJz-5XfxI8VJoRT8&s=1695643093&e=43200&f=23407331&srv=50&asn=17557&sp=2500
Danksgiving,"Jul 01, 2023",https://bflix.io/movie/danksgiving-x1wyz/1-1,https://be2719.rcr22.ams01.cdn112.com/hls2/01/04680/snboxigmbrxj_x/master.m3u8?t=F0Taa_qnSijqO8XZE_HMgbXRRZWQdegjQc0DkabxTpo&s=1695643099&e=43200&f=23402116&srv=50&asn=17557&sp=2500
Beneath Us All,"Sep 19, 2023",https://bflix.io/movie/beneath-us-all-zk093/1-1,https://be4242.rcr52.ams03.cdn112.com/hls2/01/04680/6y9puqkyqnvp_x/master.m3u8?t=Oiy37Q06X6KOM6P9h9dLjHFo_qFNWIHItw7ZbSHWeRI&s=1695643105&e=43200&f=23402003&srv=37&asn=17557&sp=2500
Accused,"Sep 22, 2023",https://bflix.io/movie/accused2-wqrxk/1-1,https://be4235.rcr32.ams02.cdn112.com/hls2/01/04680/cg5smaefwvd6_x/master.m3u8?t=ZuFaoSfA0dvruhMTfHvcv71HJAetJp5SnXVP4j0g1iw&s=1695643111&e=43200&f=23402177&srv=02&asn=17557&sp=2500
Butcher's Crossing,"Apr 27, 2023",https://bflix.io/movie/butchers-crossing-ro7py/1-1,https://be2719.rcr22.ams01.cdn112.com/hls2/01/04680/v5qix2lw50qw_x/master.m3u8?t=mtQILqZd4x9t8BMR_rIitCV0K4OZz0u-dIkpyh2ygT8&s=1695643117&e=43200&f=23401163&srv=39&asn=17557&sp=2500
The Black Book,"Sep 22, 2023",https://bflix.io/movie/the-black-book2-pm3n4/1-1,https://be6721.rcr72.waw04.cdn112.com/hls2/01/04676/dvvb7985td81_x/master.m3u8?t=k_PuYQo41IRMBOuBLdNrE994Ocqm7Ei-66SBnpSly0s&s=1695643123&e=43200&f=23380383&srv=41&asn=17557&sp=2500
It Shall Not Be Named,"Sep 01, 2023",https://bflix.io/movie/it-shall-not-be-named-vqpw2/1-1,https://be4235.rcr32.ams02.cdn112.com/hls2/02/04680/veqj54w56tah_x/master.m3u8?t=cI0lPmKvfVv6U5JjyvUrPHClw5C6SkrxB6Bxi3K8pYI&s=1695643130&e=43200&f=23402689&srv=31&asn=17557&sp=2500
Spy Kids: Armageddon,"Sep 22, 2023",https://bflix.io/movie/spy-kids-armageddon-qz5ov/1-1,https://be4235.rcr32.ams02.cdn112.com/hls2/01/04675/cv57vbnl53zm_x/master.m3u8?t=ZOfCYaqBO4CvinIMx7s3pu_OW_hhsrx4O1dU-Qhn1J4&s=1695643135&e=43200&f=23376572&srv=36&asn=17557&sp=2500
The Haunting of Hell Hole Mine,"May 31, 2023",https://bflix.io/movie/the-haunting-of-hell-hole-mine-mjxkv/1-1,https://be6721.rcr72.waw04.cdn112.com/hls2/01/04675/g07l1s9cm0g0_x/master.m3u8?t=jXumZQG_b3A_TYOdFmuwxWvBnPu56s-X4IS6La_MPsU&s=1695643142&e=43200&f=23376105&srv=33&asn=17557&sp=2500
Alien Planet,"Jun 03, 2023",https://bflix.io/movie/alien-planet-lxvj3/1-1,https://be6721.rcr72.waw04.cdn112.com/hls2/01/04675/mswmhhncbnf4_x/master.m3u8?t=CqTF9f_DRbn81_Qvy45ON9-TU5tuRYom1iZA6o7uTs8&s=1695643148&e=43200&f=23376852&srv=42&asn=17557&sp=2500
The Last Video Store,"Jul 31, 2023",https://bflix.io/movie/the-last-video-store-9j8x8/1-1,https://be6721.rcr72.waw04.cdn112.com/hls2/01/04673/cstez3d9ksv5_x/master.m3u8?t=znuQhBefjkk81Pfc9RTZFbc8qaAlZOq49VCmwnTTtqY&s=1695643155&e=43200&f=23369249&srv=32&asn=17557&sp=2500
Snow Babes,"May 05, 2023",https://bflix.io/movie/snow-babes-826wo/1-1,https://be6721.rcr72.waw04.cdn112.com/hls2/01/04673/s10bck5oq743_x/master.m3u8?t=KwSrwbWKheoEDhkw48Q0VCbHkKnBzjAaomQE9rt4d3k&s=1695643161&e=43200&f=23369147&srv=10&asn=17557&sp=2500
How to Deal with a Heartbreak,"Sep 22, 2023",https://bflix.io/movie/how-to-deal-with-a-heartbreak-ol1m4/1-1,https://be6721.rcr72.waw04.cdn112.com/hls2/01/04675/s4vix13e8vfn_x/master.m3u8?t=PyToC_jbl0SR0COzNG7TZOPQgJWLSj65LPFLNsVbFRo&s=1695643168&e=43200&f=23375415&srv=43&asn=17557&sp=2500
The Hill,"Aug 25, 2023",https://bflix.io/movie/the-hill2-kxq5w/1-1,https://be6721.rcr72.waw04.cdn112.com/hls2/01/04681/iqpgbbwzu0j6_x/master.m3u8?t=4JZ8ksYpyXcyaNPFnEg07Z-LoI4Z7NlYRZfW4_DyXKE&s=1695643174&e=43200&f=23407700&srv=37&asn=17557&sp=2500
American Terror Tales 2,"Jan 01, 2023",https://bflix.io/movie/american-terror-tales-2-j2o4n/1-1,https://be4242.rcr52.ams03.cdn112.com/hls2/01/04673/gj6dn0piun26_x/master.m3u8?t=yVu31OgofW_f5D9Hi-cBsMT9zphjBTTCzV72nM7VG44&s=1695643181&e=43200&f=23368637&srv=15&asn=17557&sp=2500
No One Will Save You,"Sep 22, 2023",https://bflix.io/movie/no-one-will-save-you-704v6/1-1,https://be7713.rcr82.waw05.cdn112.com/hls2/03/04673/tok0h4ugbtte_x/master.m3u8?t=AKlQWRrCl4bjzi-HflpSPdvsfsDGM93dwuxGZLg7154&s=1695643187&e=43200&f=23369572&srv=30&asn=17557&sp=2500
Jaane Jaan,"Sep 21, 2023",https://bflix.io/movie/jaane-jaan-602rp/1-1,https://be4242.rcr52.ams03.cdn112.com/hls2/01/04672/g8bby05kaahs_x/master.m3u8?t=ztl81wFpQBR61kEpg7U3mgzc3lWIeSvYb9jGite8Kl8&s=1695643194&e=43200&f=23360592&srv=39&asn=17557&sp=2500
